{
    "calibrated": true,
    "points_cctv": [
        [
            295,
            407
        ],
        [
            1109,
            353
        ],
        [
            1704,
            618
        ],
        [
            480,
            810
        ]
    ],
    "real_world_m": {
        "width": 19.0,
        "length": 17.88
    },
    "warped_resolution": {
        "width": 950,
        "height": 894
    },
    "transform_matrix": [
        [
            4.0560108442019365,
            -1.8619404619785567,
            -438.71343101429846
        ],
        [
            1.0911552419057515,
            16.448154942801494,
            -7016.289858082406
        ],
        [
            -0.0003474460444186806,
            0.008414415874056362,
            1.0
        ]
    ],
    "ppm_x": 50.0,
    "ppm_y": 50.0
}